Ap #450-3915 Accumsan Street;64085;-9.52639;157.31434
P.O. Box 777, 7856 Sollicitudin Road;51129;88.14622;-38.87119
4310 Cursus Rd.;25762;-84.90883;78.89393
370-9725 Sociosqu Rd.;17555;-13.89401;-168.96385
P.O. Box 563, 3189 Ipsum St.;26898;10.97075;132.3073
Ap #706-4825 Maecenas Street;04057;-21.89676;-60.59724
P.O. Box 544, 3825 Nulla St.;64663;-31.46429;-94.57511
Ap #324-4587 Aliquet, Ave;37406;20.42772;53.64369
Ap #327-1642 Mi Rd.;77563;30.33249;-69.96847
Ap #780-609 A, St.;75184;32.61359;-9.69738
Ap #175-3598 Fusce Road;70964;50.17907;38.86163
2452 Nec, St.;79303;-89.17855;157.46572
993-3799 Dapibus Road;57459;75.9327;145.88249
3597 Fames St.;24845;54.15395;89.80242
993-3799 Dapibusss Road;86112;-62.19764;-87.32058
P.O. Box 491, 3954 Cursus St.;96908;80.04753;-135.11927
P.O. Box 179, 6822 Duis Rd.;01985;-32.37459;-177.47326
1507 Ullamcorper. Street;17829;-30.79245;3.9536
755-1038 Mi. Av.;38813;-51.2529;-13.98687
2829 Lobortis St.;41604;-80.48364;124.57504
618-903 Dictum Av.;17495;-58.47535;10.17453
Ap #686-1488 Libero. Avenue;46310;-84.42868;170.4851
9671 Non, Rd.;92017;88.41603;-156.25846
231-2158 Integer Av.;84357;30.19788;-143.9924
Ap #733-1685 Senectus St.;63687;29.92335;153.02426
459-7382 Justo Ave;13467;64.71598;27.04878
5947 Elit, Rd.;91395;-52.36473;92.91251
P.O. Box 939, 3435 Ac Road;83343;87.29618;-153.39243
P.O. Box 739, 1308 Placerat, Avenue;10486;-45.63539;-121.37405
7403 Ullamcorper, Road;14030;77.61446;43.63056
Ap #279-1183 Facilisis St.;81540;65.07456;173.367
P.O. Box 414, 6545 Vulputate St.;22503;46.67144;-176.6284
585-558 Nulla Rd.;38130;29.07598;-30.67063
Ap #746-1797 Diam. St.;69019;-5.23851;171.3817
748-5675 Non Street;96034;76.50678;-164.39734
Ap #629-7666 Magna. Avenue;06453;72.28476;-171.20003
P.O. Box 120, 5355 Magna, Street;38460;-14.56164;-57.90208
P.O. Box 795, 9055 Primis Av.;10353;-32.19259;-127.85298
P.O. Box 807, 9952 Eu Rd.;13535;18.55654;159.04383
Ap #376-2995 Cras Av.;04230;-35.62999;-127.75484
202-5932 Arcu Street;33527;-30.84974;28.94908
P.O. Box 466, 6782 Nibh. Street;97221;31.96298;140.64361
P.O. Box 832, 7722 Urna, Avenue;36759;-49.86635;177.92948
6939 Malesuada. Avenue;16507;89.87342;-59.89843
P.O. Box 488, 981 Fermentum Rd.;81409;-72.69292;-42.10338
808-5980 Vitae Rd.;62857;13.36472;-132.4474
777-7408 Nulla St.;75402;-6.48016;-121.50427
Ap #155-8862 In Street;74548;0.60258;151.55099
P.O. Box 828, 734 Arcu Road;58326;0.14417;51.74322
219-883 Duis Avenue;44590;53.87413;117.16296
Ap #122-5198 Ac Avenue;78317;19.08453;125.62333
8107 Non St.;87126;-12.68033;-116.6507
290-6951 Orci. St.;69824;-29.97245;108.11462
7877 Ultrices Av.;67130;57.03835;-89.50195
P.O. Box 302, 4177 Mauris Avenue;27591;-45.75855;-169.0512
P.O. Box 574, 5814 Convallis Road;98627;-45.30071;-92.29751
Ap #867-3164 Laoreet St.;31276;-6.29405;-26.21944
6611 Odio Road;23900;-79.95898;-26.99163
Ap #271-1716 Sit Ave;18290;38.04926;129.62882
215-4784 Tempor Rd.;17013;-60.433;-16.97961
Ap #571-4131 Sem Avenue;4944;-11.64469;122.43643
5484 Purus. Av.;61914;-35.13594;125.10156
9562 Elit Street;51709;-63.38523;-81.83664
P.O. Box 975, 2370 Laoreet Av.;28254;52.89568;0.12441
2033 Sit Avenue;24301;69.01862;-80.19297
8470 Ac Ave;70174;-57.22256;71.84652
6747 Dictum St.;76200;-40.34758;34.88641
7414 Felis. Rd.;65189;37.65227;-73.96453
825 Erat Rd.;15239;-4.67333;-109.32096
455-7167 Tristique Rd.;38353;-30.50425;-118.88143
890-5668 Erat Road;38353;-78.01699;-74.3861
Ap #539-9626 Ut Rd.;38353;-23.80169;171.51143
841-6371 Semper Rd.;62660;10.27099;35.98229
198-9959 Phasellus Rd.;63821;50.58807;37.48468
7818 Dignissim Rd.;72625;43.97077;-164.76535
5613 Vivamus St.;72988;-3.1692;166.97591
P.O. Box 326, 1605 Vivamus St.;30692;57.44007;5.73024
806-8640 Varius Street;86140;55.6981;-164.46184
P.O. Box 268, 6811 Aliquet Ave;12340;-13.72228;-123.62182
120 Vestibulum. Road;55917;-43.92805;-173.9768
